"0","paccDIASTpreBL <- "
"0","  BLdata %>% "
"0","  mutate(diast_pacc_precpb = parse_number(diast_pacc_precpb)) %>%"
"0","  summarise(Mean = mean(diast_pacc_precpb,na.rm = TRUE),"
"0","            Median = median(diast_pacc_precpb,na.rm = TRUE),"
"0","            Standard_Deviation = sd(diast_pacc_precpb,na.rm = TRUE)"
"0","            )"
"2","Warning: [38;5;232mThere was 1 warning in `mutate()`.[39m
[38;5;232m[36mâ„¹[38;5;232m In argument: `diast_pacc_precpb = parse_number(diast_pacc_precpb)`.[39m
Caused by warning:
[33m![39m 1 parsing failure.
row col expected actual
 33  -- a number      ."
"0","paccDIASTpreBL"
